{
    "training_progress": [
        {
            "epoch": 1,
            "train_loss": 1.7384685603055088,
            "val_loss": 1.57857517685209,
            "val_acc": 36.588235294117645,
            "val_macro_precision": 0.3596488339994282,
            "val_macro_recall": 0.37208346692906713,
            "val_macro_f1": 0.3295457248474721,
            "val_micro_precision": 0.3658823529411765,
            "val_micro_recall": 0.3658823529411765,
            "val_micro_f1": 0.36588235294117655,
            "test_acc": 32.705882352941174,
            "test_macro_precision": 0.3390092456718006,
            "test_macro_recall": 0.33121199102657856,
            "test_macro_f1": 0.2991111921078236,
            "test_micro_precision": 0.3270588235294118,
            "test_micro_recall": 0.3270588235294118,
            "test_micro_f1": 0.3270588235294118
        },
        {
            "epoch": 2,
            "train_loss": 1.5643722729249434,
            "val_loss": 1.5045026711055212,
            "val_acc": 40.35294117647059,
            "val_macro_precision": 0.40227619909707973,
            "val_macro_recall": 0.40361495577257295,
            "val_macro_f1": 0.3870400153154936,
            "val_micro_precision": 0.40352941176470586,
            "val_micro_recall": 0.40352941176470586,
            "val_micro_f1": 0.40352941176470586,
            "test_acc": 37.76470588235294,
            "test_macro_precision": 0.3613451486512447,
            "test_macro_recall": 0.37632009695759727,
            "test_macro_f1": 0.3563049110122918,
            "test_micro_precision": 0.3776470588235294,
            "test_micro_recall": 0.3776470588235294,
            "test_micro_f1": 0.3776470588235294
        },
        {
            "epoch": 3,
            "train_loss": 1.4860799572684549,
            "val_loss": 1.4779624598366874,
            "val_acc": 41.05882352941177,
            "val_macro_precision": 0.44475752268500107,
            "val_macro_recall": 0.4155556503229727,
            "val_macro_f1": 0.3828590711449593,
            "val_micro_precision": 0.41058823529411764,
            "val_micro_recall": 0.41058823529411764,
            "val_micro_f1": 0.4105882352941176,
            "test_acc": 40.23529411764706,
            "test_macro_precision": 0.39313520234308713,
            "test_macro_recall": 0.40725099729544323,
            "test_macro_f1": 0.36275966912571733,
            "test_micro_precision": 0.4023529411764706,
            "test_micro_recall": 0.4023529411764706,
            "test_micro_f1": 0.4023529411764706
        },
        {
            "epoch": 4,
            "train_loss": 1.4093858328732578,
            "val_loss": 1.4276403103555952,
            "val_acc": 46.11764705882353,
            "val_macro_precision": 0.46089172943102263,
            "val_macro_recall": 0.4630637410912047,
            "val_macro_f1": 0.4537897743102888,
            "val_micro_precision": 0.4611764705882353,
            "val_micro_recall": 0.4611764705882353,
            "val_micro_f1": 0.4611764705882353,
            "test_acc": 42.23529411764706,
            "test_macro_precision": 0.4159803063339946,
            "test_macro_recall": 0.42434967176252125,
            "test_macro_f1": 0.41183015529850264,
            "test_micro_precision": 0.4223529411764706,
            "test_micro_recall": 0.4223529411764706,
            "test_micro_f1": 0.4223529411764706
        },
        {
            "epoch": 5,
            "train_loss": 1.3687131112272088,
            "val_loss": 1.409675419330597,
            "val_acc": 45.1764705882353,
            "val_macro_precision": 0.4651061469373339,
            "val_macro_recall": 0.4553788932955738,
            "val_macro_f1": 0.45041733092206865,
            "val_micro_precision": 0.45176470588235296,
            "val_micro_recall": 0.45176470588235296,
            "val_micro_f1": 0.45176470588235296,
            "test_acc": 42.8235294117647,
            "test_macro_precision": 0.43163026007609906,
            "test_macro_recall": 0.4299487150327974,
            "test_macro_f1": 0.4227466052042066,
            "test_micro_precision": 0.42823529411764705,
            "test_micro_recall": 0.42823529411764705,
            "test_micro_f1": 0.42823529411764705
        },
        {
            "epoch": 6,
            "train_loss": 1.3099124832586808,
            "val_loss": 1.4000690153666906,
            "val_acc": 46.94117647058823,
            "val_macro_precision": 0.4810122334954639,
            "val_macro_recall": 0.47908864807435236,
            "val_macro_f1": 0.4628371902087595,
            "val_micro_precision": 0.46941176470588236,
            "val_micro_recall": 0.46941176470588236,
            "val_micro_f1": 0.46941176470588236,
            "test_acc": 45.529411764705884,
            "test_macro_precision": 0.4670440984385697,
            "test_macro_recall": 0.4641064459217632,
            "test_macro_f1": 0.4489567542119381,
            "test_micro_precision": 0.45529411764705885,
            "test_micro_recall": 0.45529411764705885,
            "test_micro_f1": 0.45529411764705885
        },
        {
            "epoch": 7,
            "train_loss": 1.2681135340170426,
            "val_loss": 1.4278209379741125,
            "val_acc": 46.705882352941174,
            "val_macro_precision": 0.4662840162676116,
            "val_macro_recall": 0.4709851125652645,
            "val_macro_f1": 0.4514393541032131,
            "val_micro_precision": 0.46705882352941175,
            "val_micro_recall": 0.46705882352941175,
            "val_micro_f1": 0.46705882352941175,
            "test_acc": 46.705882352941174,
            "test_macro_precision": 0.4610069191931092,
            "test_macro_recall": 0.4693228657456327,
            "test_macro_f1": 0.4523277740498632,
            "test_micro_precision": 0.46705882352941175,
            "test_micro_recall": 0.46705882352941175,
            "test_micro_f1": 0.46705882352941175
        },
        {
            "epoch": 8,
            "train_loss": 1.2328403873877092,
            "val_loss": 1.439110049179622,
            "val_acc": 43.76470588235294,
            "val_macro_precision": 0.45123914623613964,
            "val_macro_recall": 0.44070455362703864,
            "val_macro_f1": 0.43115467708745675,
            "val_micro_precision": 0.4376470588235294,
            "val_micro_recall": 0.4376470588235294,
            "val_micro_f1": 0.4376470588235294,
            "test_acc": 44.23529411764706,
            "test_macro_precision": 0.4550220565268444,
            "test_macro_recall": 0.4457677661266503,
            "test_macro_f1": 0.43124748515981715,
            "test_micro_precision": 0.4423529411764706,
            "test_micro_recall": 0.4423529411764706,
            "test_micro_f1": 0.4423529411764706
        },
        {
            "epoch": 9,
            "train_loss": 1.193939444693652,
            "val_loss": 1.4510998725891113,
            "val_acc": 46.23529411764706,
            "val_macro_precision": 0.4840741665360917,
            "val_macro_recall": 0.4693227341242201,
            "val_macro_f1": 0.4500436337927031,
            "val_micro_precision": 0.4623529411764706,
            "val_micro_recall": 0.4623529411764706,
            "val_micro_f1": 0.4623529411764706,
            "test_acc": 45.05882352941177,
            "test_macro_precision": 0.5032782246336787,
            "test_macro_recall": 0.4574878631895449,
            "test_macro_f1": 0.44283702577850953,
            "test_micro_precision": 0.4505882352941176,
            "test_micro_recall": 0.4505882352941176,
            "test_micro_f1": 0.4505882352941176
        },
        {
            "epoch": 10,
            "train_loss": 1.1396283241835508,
            "val_loss": 1.3836271507399422,