{
    "training_progress": [
        {
            "epoch": 1,
            "train_loss": 1.7429377490823919,
            "val_loss": 1.5969716991697038,
            "val_acc": 35.529411764705884,
            "val_macro_precision": 0.37886315669303033,
            "val_macro_recall": 0.3541966434433846,
            "val_macro_f1": 0.33576010457345845,
            "val_micro_precision": 0.3552941176470588,
            "val_micro_recall": 0.3552941176470588,
            "val_micro_f1": 0.3552941176470588,
            "test_acc": 32.94117647058823,
            "test_macro_precision": 0.35241211461073685,
            "test_macro_recall": 0.32992618144696156,
            "test_macro_f1": 0.3084976551603725,
            "test_micro_precision": 0.32941176470588235,
            "test_micro_recall": 0.32941176470588235,
            "test_micro_f1": 0.32941176470588235
        },
        {
            "epoch": 2,
            "train_loss": 1.5915974443609064,
            "val_loss": 1.5384757348469325,
            "val_acc": 40.705882352941174,
            "val_macro_precision": 0.4253942603632442,
            "val_macro_recall": 0.4126727465229572,
            "val_macro_f1": 0.39011767478476034,
            "val_micro_precision": 0.40705882352941175,
            "val_micro_recall": 0.40705882352941175,
            "val_micro_f1": 0.40705882352941175,
            "test_acc": 39.88235294117647,
            "test_macro_precision": 0.4131486838413303,
            "test_macro_recall": 0.4053273503504025,
            "test_macro_f1": 0.3745667224743818,
            "test_micro_precision": 0.3988235294117647,
            "test_micro_recall": 0.3988235294117647,
            "test_micro_f1": 0.3988235294117647
        },
        {
            "epoch": 3,
            "train_loss": 1.5083130099556663,
            "val_loss": 1.4845067262649536,
            "val_acc": 43.05882352941177,
            "val_macro_precision": 0.4376535546198819,
            "val_macro_recall": 0.4286327641496967,
            "val_macro_f1": 0.412580249055798,
            "val_micro_precision": 0.43058823529411766,
            "val_micro_recall": 0.43058823529411766,
            "val_micro_f1": 0.43058823529411766,
            "test_acc": 40.8235294117647,
            "test_macro_precision": 0.4209231398210745,
            "test_macro_recall": 0.40585975896433957,
            "test_macro_f1": 0.40011787943543853,
            "test_micro_precision": 0.4082352941176471,
            "test_micro_recall": 0.4082352941176471,
            "test_micro_f1": 0.4082352941176471
        },
        {
            "epoch": 4,
            "train_loss": 1.4385305231267755,
            "val_loss": 1.4430909667696272,
            "val_acc": 45.76470588235294,
            "val_macro_precision": 0.46811957529386117,
            "val_macro_recall": 0.46175173885048176,
            "val_macro_f1": 0.4521643197582142,
            "val_micro_precision": 0.4576470588235294,
            "val_micro_recall": 0.4576470588235294,
            "val_micro_f1": 0.4576470588235294,
            "test_acc": 44.705882352941174,
            "test_macro_precision": 0.454403889458776,
            "test_macro_recall": 0.45052811775588647,
            "test_macro_f1": 0.4363944760572076,
            "test_micro_precision": 0.4470588235294118,
            "test_micro_recall": 0.4470588235294118,
            "test_micro_f1": 0.4470588235294118
        },
        {
            "epoch": 5,
            "train_loss": 1.368183970451355,
            "val_loss": 1.4428499937057495,
            "val_acc": 47.1764705882353,
            "val_macro_precision": 0.4888021799909253,
            "val_macro_recall": 0.47907364323331686,
            "val_macro_f1": 0.46848931859270865,
            "val_micro_precision": 0.4717647058823529,
            "val_micro_recall": 0.4717647058823529,
            "val_micro_f1": 0.4717647058823529,
            "test_acc": 42.8235294117647,
            "test_macro_precision": 0.44890281924635383,
            "test_macro_recall": 0.4336089748955847,
            "test_macro_f1": 0.4316331765619488,
            "test_micro_precision": 0.42823529411764705,
            "test_micro_recall": 0.42823529411764705,
            "test_micro_f1": 0.42823529411764705
        },
        {
            "epoch": 6,
            "train_loss": 1.309101887182756,
            "val_loss": 1.4730768884931291,
            "val_acc": 45.1764705882353,
            "val_macro_precision": 0.47406359226949357,
            "val_macro_recall": 0.46254594245406544,
            "val_macro_f1": 0.43757105624880555,
            "val_micro_precision": 0.45176470588235296,
            "val_micro_recall": 0.45176470588235296,
            "val_micro_f1": 0.45176470588235296,
            "test_acc": 43.05882352941177,
            "test_macro_precision": 0.44833911935910353,
            "test_macro_recall": 0.44053673632598306,
            "test_macro_f1": 0.41611146845476643,
            "test_micro_precision": 0.43058823529411766,
            "test_micro_recall": 0.43058823529411766,
            "test_micro_f1": 0.43058823529411766
        },
        {
            "epoch": 7,
            "train_loss": 1.2205209862102162,
            "val_loss": 1.5115762948989868,
            "val_acc": 46.94117647058823,
            "val_macro_precision": 0.4898819836725046,
            "val_macro_recall": 0.4774798395482332,
            "val_macro_f1": 0.4491917947820041,
            "val_micro_precision": 0.46941176470588236,
            "val_micro_recall": 0.46941176470588236,
            "val_micro_f1": 0.46941176470588236,
            "test_acc": 45.294117647058826,
            "test_macro_precision": 0.49811682592786627,
            "test_macro_recall": 0.45881171135740106,
            "test_macro_f1": 0.44257801592662344,
            "test_micro_precision": 0.45294117647058824,
            "test_micro_recall": 0.45294117647058824,
            "test_micro_f1": 0.45294117647058824
        },
        {
            "epoch": 8,
            "train_loss": 1.1548124486749822,
            "val_loss": 1.4885103361947196,
            "val_acc": 47.529411764705884,
            "val_macro_precision": 0.4825533661740558,
            "val_macro_recall": 0.4814604659292709,
            "val_macro_f1": 0.4597256621343426,
            "val_micro_precision": 0.4752941176470588,
            "val_micro_recall": 0.4752941176470588,
            "val_micro_f1": 0.4752941176470588,
            "test_acc": 47.05882352941177,
            "test_macro_precision": 0.4711539538811404,
            "test_macro_recall": 0.475797059788237,
            "test_macro_f1": 0.45542651906900583,
            "test_micro_precision": 0.47058823529411764,
            "test_micro_recall": 0.47058823529411764,
            "test_micro_f1": 0.47058823529411764
        },
        {
            "epoch": 9,
            "train_loss": 1.0805773518302224,
            "val_loss": 1.4834932599748885,
            "val_acc": 48.8235294117647,
            "val_macro_precision": 0.48779515030722864,
            "val_macro_recall": 0.4918427629545743,
            "val_macro_f1": 0.4822313547350486,
            "val_micro_precision": 0.48823529411764705,
            "val_micro_recall": 0.48823529411764705,
            "val_micro_f1": 0.48823529411764705,
            "test_acc": 47.294117647058826,
            "test_macro_precision": 0.4734485774128976,
            "test_macro_recall": 0.473195694189757,
            "test_macro_f1": 0.4647564590856697,
            "test_micro_precision": 0.47294117647058825,
            "test_micro_recall": 0.47294117647058825,
            "test_micro_f1": 0.47294117647058825
        },
        {
            "epoch": 10,
            "train_loss": 0.994933814352209,
            "val_loss": 1.5372932808739799,