{
    "training_progress": [
        {
            "epoch": 1,
            "train_loss": 1.74051429791884,
            "val_loss": 1.5908505065100533,
            "val_acc": 34.588235294117645,
            "val_macro_precision": 0.30171208368764635,
            "val_macro_recall": 0.35685763354176897,
            "val_macro_f1": 0.3008087591595863,
            "val_micro_precision": 0.3458823529411765,
            "val_micro_recall": 0.3458823529411765,
            "val_micro_f1": 0.3458823529411765,
            "test_acc": 34.470588235294116,
            "test_macro_precision": 0.2979064545018468,
            "test_macro_recall": 0.35596642495710457,
            "test_macro_f1": 0.3016866236329197,
            "test_micro_precision": 0.3447058823529412,
            "test_micro_recall": 0.3447058823529412,
            "test_micro_f1": 0.3447058823529412
        },
        {
            "epoch": 2,
            "train_loss": 1.556151149489663,
            "val_loss": 1.4907511643001012,
            "val_acc": 40.588235294117645,
            "val_macro_precision": 0.3970825307094408,
            "val_macro_recall": 0.41021655934256684,
            "val_macro_f1": 0.39121666320281817,
            "val_micro_precision": 0.40588235294117647,
            "val_micro_recall": 0.40588235294117647,
            "val_micro_f1": 0.40588235294117647,
            "test_acc": 42.23529411764706,
            "test_macro_precision": 0.419707607209467,
            "test_macro_recall": 0.42604482393530124,
            "test_macro_f1": 0.4089805226172605,
            "test_micro_precision": 0.4223529411764706,
            "test_micro_recall": 0.4223529411764706,
            "test_micro_f1": 0.4223529411764706
        },
        {
            "epoch": 3,
            "train_loss": 1.445563338019631,
            "val_loss": 1.4258763108934676,
            "val_acc": 44.705882352941174,
            "val_macro_precision": 0.47922689614683806,
            "val_macro_recall": 0.4512923116773991,
            "val_macro_f1": 0.43954749666645854,
            "val_micro_precision": 0.4470588235294118,
            "val_micro_recall": 0.4470588235294118,
            "val_micro_f1": 0.4470588235294118,
            "test_acc": 43.1764705882353,
            "test_macro_precision": 0.43104287895649646,
            "test_macro_recall": 0.43580442005762904,
            "test_macro_f1": 0.4165149242144346,
            "test_micro_precision": 0.43176470588235294,
            "test_micro_recall": 0.43176470588235294,
            "test_micro_f1": 0.43176470588235294
        },
        {
            "epoch": 4,
            "train_loss": 1.377493021704934,
            "val_loss": 1.417067323412214,
            "val_acc": 46.11764705882353,
            "val_macro_precision": 0.47561789722460496,
            "val_macro_recall": 0.4724832274833933,
            "val_macro_f1": 0.44787366083793656,
            "val_micro_precision": 0.4611764705882353,
            "val_micro_recall": 0.4611764705882353,
            "val_micro_f1": 0.4611764705882353,
            "test_acc": 42.0,
            "test_macro_precision": 0.4366916523027687,
            "test_macro_recall": 0.4294346017952107,
            "test_macro_f1": 0.4083355736122268,
            "test_micro_precision": 0.42,
            "test_micro_recall": 0.42,
            "test_micro_f1": 0.41999999999999993
        },
        {
            "epoch": 5,
            "train_loss": 1.296789685162631,
            "val_loss": 1.4278839145387923,
            "val_acc": 46.23529411764706,
            "val_macro_precision": 0.4682710306670543,
            "val_macro_recall": 0.4680286323956097,
            "val_macro_f1": 0.452524511310646,
            "val_micro_precision": 0.4623529411764706,
            "val_micro_recall": 0.4623529411764706,
            "val_micro_f1": 0.4623529411764706,
            "test_acc": 47.411764705882355,
            "test_macro_precision": 0.47629629697451037,
            "test_macro_recall": 0.47702363973218737,
            "test_macro_f1": 0.46454269677956955,
            "test_micro_precision": 0.47411764705882353,
            "test_micro_recall": 0.47411764705882353,
            "test_micro_f1": 0.47411764705882353
        },
        {
            "epoch": 6,
            "train_loss": 1.2104619947346773,
            "val_loss": 1.4138952493667603,
            "val_acc": 44.23529411764706,
            "val_macro_precision": 0.46167234360521986,
            "val_macro_recall": 0.4480338919872569,
            "val_macro_f1": 0.42685215810053995,
            "val_micro_precision": 0.4423529411764706,
            "val_micro_recall": 0.4423529411764706,
            "val_micro_f1": 0.4423529411764706,
            "test_acc": 44.588235294117645,
            "test_macro_precision": 0.48487884816518984,
            "test_macro_recall": 0.44941762789784284,
            "test_macro_f1": 0.4350071387638472,
            "test_micro_precision": 0.44588235294117645,
            "test_micro_recall": 0.44588235294117645,
            "test_micro_f1": 0.44588235294117645
        },
        {
            "epoch": 7,
            "train_loss": 1.1341663620688698,
            "val_loss": 1.4181269407272339,
            "val_acc": 46.35294117647059,
            "val_macro_precision": 0.4810559289894834,
            "val_macro_recall": 0.45643120648925156,
            "val_macro_f1": 0.45044056346934386,
            "val_micro_precision": 0.46352941176470586,
            "val_micro_recall": 0.46352941176470586,
            "val_micro_f1": 0.4635294117647059,
            "test_acc": 45.76470588235294,
            "test_macro_precision": 0.4643034846455382,
            "test_macro_recall": 0.45128165034297907,
            "test_macro_f1": 0.4452367740703651,
            "test_micro_precision": 0.4576470588235294,
            "test_micro_recall": 0.4576470588235294,
            "test_micro_f1": 0.4576470588235294
        },
        {
            "epoch": 8,
            "train_loss": 1.0711123791607944,
            "val_loss": 1.4349968433380127,
            "val_acc": 47.88235294117647,
            "val_macro_precision": 0.484515989217526,
            "val_macro_recall": 0.4809695180603006,
            "val_macro_f1": 0.47308718907460817,
            "val_micro_precision": 0.4788235294117647,
            "val_micro_recall": 0.4788235294117647,
            "val_micro_f1": 0.4788235294117647,
            "test_acc": 46.11764705882353,
            "test_macro_precision": 0.4634419629706592,
            "test_macro_recall": 0.4614937608818002,
            "test_macro_f1": 0.45614454971078433,
            "test_micro_precision": 0.4611764705882353,
            "test_micro_recall": 0.4611764705882353,
            "test_micro_f1": 0.4611764705882353
        },
        {
            "epoch": 9,
            "train_loss": 0.9438175158067184,
            "val_loss": 1.584865723337446,
            "val_acc": 45.529411764705884,
            "val_macro_precision": 0.4734321377972086,
            "val_macro_recall": 0.45405109648533976,
            "val_macro_f1": 0.45108573241127753,
            "val_micro_precision": 0.45529411764705885,
            "val_micro_recall": 0.45529411764705885,
            "val_micro_f1": 0.45529411764705885,
            "test_acc": 44.8235294117647,
            "test_macro_precision": 0.46465237317238345,
            "test_macro_recall": 0.44679296530933404,
            "test_macro_f1": 0.4410308541525116,
            "test_micro_precision": 0.44823529411764707,
            "test_micro_recall": 0.44823529411764707,
            "test_micro_f1": 0.44823529411764707
        },
        {
            "epoch": 10,
            "train_loss": 0.931399387663061,
            "val_loss": 1.5438804967062814,
            "val_acc": 46.35294117647059,