{
    "training_progress": [
        {
            "epoch": 1,
            "train_loss": 1.2706684751944108,
            "val_loss": 1.2391480604807537,
            "val_acc": 17.176470588235293,
            "val_macro_precision": 0.028627450980392155,
            "val_macro_recall": 0.16666666666666666,
            "val_macro_f1": 0.048862115127175365,
            "val_micro_precision": 0.17176470588235293,
            "val_micro_recall": 0.17176470588235293,
            "val_micro_f1": 0.17176470588235293,
            "test_acc": 17.294117647058822,
            "test_macro_precision": 0.028823529411764706,
            "test_macro_recall": 0.16666666666666666,
            "test_macro_f1": 0.04914744232698095,
            "test_micro_precision": 0.17294117647058824,
            "test_micro_recall": 0.17294117647058824,
            "test_micro_f1": 0.17294117647058824
        },
        {
            "epoch": 2,
            "train_loss": 1.2519879904660312,
            "val_loss": 1.1996584865781996,
            "val_acc": 22.11764705882353,
            "val_macro_precision": 0.12576051962456938,
            "val_macro_recall": 0.2320996195088205,
            "val_macro_f1": 0.13384582500154937,
            "val_micro_precision": 0.2211764705882353,
            "val_micro_recall": 0.2211764705882353,
            "val_micro_f1": 0.2211764705882353,
            "test_acc": 21.176470588235293,
            "test_macro_precision": 0.11801292512295619,
            "test_macro_recall": 0.22146118721461186,
            "test_macro_f1": 0.12355895441189979,
            "test_micro_precision": 0.21176470588235294,
            "test_micro_recall": 0.21176470588235294,
            "test_micro_f1": 0.21176470588235294
        },
        {
            "epoch": 3,
            "train_loss": 1.2292928077957848,
            "val_loss": 1.2434351841608684,
            "val_acc": 17.294117647058822,
            "val_macro_precision": 0.028823529411764706,
            "val_macro_recall": 0.16666666666666666,
            "val_macro_f1": 0.04914744232698095,
            "val_micro_precision": 0.17294117647058824,
            "val_micro_recall": 0.17294117647058824,
            "val_micro_f1": 0.17294117647058824,
            "test_acc": 17.176470588235293,
            "test_macro_precision": 0.028627450980392155,
            "test_macro_recall": 0.16666666666666666,
            "test_macro_f1": 0.048862115127175365,
            "test_micro_precision": 0.17176470588235293,
            "test_micro_recall": 0.17176470588235293,
            "test_micro_f1": 0.17176470588235293
        },
        {
            "epoch": 4,
            "train_loss": 1.2528764898126776,
            "val_loss": 1.248312203972428,
            "val_acc": 17.176470588235293,
            "val_macro_precision": 0.028627450980392155,
            "val_macro_recall": 0.16666666666666666,
            "val_macro_f1": 0.048862115127175365,
            "val_micro_precision": 0.17176470588235293,
            "val_micro_recall": 0.17176470588235293,
            "val_micro_f1": 0.17176470588235293,
            "test_acc": 17.294117647058822,
            "test_macro_precision": 0.028823529411764706,
            "test_macro_recall": 0.16666666666666666,
            "test_macro_f1": 0.04914744232698095,
            "test_micro_precision": 0.17294117647058824,
            "test_micro_recall": 0.17294117647058824,
            "test_micro_f1": 0.17294117647058824
        },
        {
            "epoch": 5,
            "train_loss": 1.25484647100622,
            "val_loss": 1.2329344705299095,
            "val_acc": 17.294117647058822,
            "val_macro_precision": 0.028857479387514724,
            "val_macro_recall": 0.16666666666666666,
            "val_macro_f1": 0.049196787148594386,
            "val_micro_precision": 0.17294117647058824,
            "val_micro_recall": 0.17294117647058824,
            "val_micro_f1": 0.17294117647058824,
            "test_acc": 17.176470588235293,
            "test_macro_precision": 0.028627450980392155,
            "test_macro_recall": 0.16666666666666666,
            "test_macro_f1": 0.048862115127175365,
            "test_micro_precision": 0.17176470588235293,
            "test_micro_recall": 0.17176470588235293,
            "test_micro_f1": 0.17176470588235293
        },
        {
            "epoch": 6,
            "train_loss": 1.2478683829307555,
            "val_loss": 1.227629926469591,
            "val_acc": 22.11764705882353,
            "val_macro_precision": 0.10177736359818342,
            "val_macro_recall": 0.21406827571211132,
            "val_macro_f1": 0.11589579089971785,
            "val_micro_precision": 0.2211764705882353,
            "val_micro_recall": 0.2211764705882353,
            "val_micro_f1": 0.2211764705882353,
            "test_acc": 22.11764705882353,
            "test_macro_precision": 0.12114187162953526,
            "test_macro_recall": 0.214557512502718,
            "test_macro_f1": 0.12109943120455036,
            "test_micro_precision": 0.2211764705882353,
            "test_micro_recall": 0.2211764705882353,
            "test_micro_f1": 0.2211764705882353
        },
        {
            "epoch": 7,
            "train_loss": 1.2501307102766903,
            "val_loss": 1.2434034082624648,
            "val_acc": 18.11764705882353,
            "val_macro_precision": 0.0917633500659331,
            "val_macro_recall": 0.17579908675799086,
            "val_macro_f1": 0.07416271123343039,
            "val_micro_precision": 0.1811764705882353,
            "val_micro_recall": 0.1811764705882353,
            "val_micro_f1": 0.1811764705882353,
            "test_acc": 17.764705882352942,
            "test_macro_precision": 0.06787988818766029,
            "test_macro_recall": 0.17229677259031465,
            "test_macro_f1": 0.06686180298595387,
            "test_micro_precision": 0.1776470588235294,
            "test_micro_recall": 0.1776470588235294,
            "test_micro_f1": 0.1776470588235294
        },
        {
            "epoch": 8,
            "train_loss": 1.2435799967158925,
            "val_loss": 1.249244840056808,
            "val_acc": 18.823529411764707,
            "val_macro_precision": 0.06576032662989185,
            "val_macro_recall": 0.18155344329512627,
            "val_macro_f1": 0.0785993051480519,
            "val_micro_precision": 0.18823529411764706,
            "val_micro_recall": 0.18823529411764706,
            "val_micro_f1": 0.18823529411764703,
            "test_acc": 18.58823529411765,
            "test_macro_precision": 0.06907308377896614,
            "test_macro_recall": 0.18017892088342188,
            "test_macro_f1": 0.08209122844846949,
            "test_micro_precision": 0.18588235294117647,
            "test_micro_recall": 0.18588235294117647,
            "test_micro_f1": 0.18588235294117647
        },
        {
            "epoch": 9,
            "train_loss": 1.2444409337910738,
            "val_loss": 1.243417845831977,
            "val_acc": 19.294117647058822,
            "val_macro_precision": 0.06587143652264081,
            "val_macro_recall": 0.18660112446805208,
            "val_macro_f1": 0.09683237691284097,
            "val_micro_precision": 0.19294117647058823,
            "val_micro_recall": 0.19294117647058823,
            "val_micro_f1": 0.1929411764705882,
            "test_acc": 18.0,
            "test_macro_precision": 0.06036897966775554,
            "test_macro_recall": 0.17395085888236572,
            "test_macro_f1": 0.08893956191628032,
            "test_micro_precision": 0.18,
            "test_micro_recall": 0.18,
            "test_micro_f1": 0.18
        },
        {
            "epoch": 10,
            "train_loss": 1.2460310182788155,
            "val_loss": 1.2421340059351038,